,idx,accuracy,gmean,kappa,mem_usage,cpu_time,class_0,class_prop_0,class_1,class_prop_1,class_2,class_prop_2,class_3,class_prop_3,class_4,class_prop_4,class_5,class_prop_5,drifts_alerts,local_alerts
0,500,0.31438127090301005,0.0,0.2696331550463924,56,0.9312000274658203,0.7948717948717948,0.1193182219948374,0.21052631578947367,0.20030992915848328,0.0,0.16899161966302995,0.16326530612244897,0.12305402756287054,0.32,0.1870476856481377,0.5,0.1946416644146466,0,0
1,1000,0.41,0.0,0.28567969393190945,56,1.827669620513916,0.9375,0.17680990258429657,0.7634408602150538,0.16471426088696586,0.0,0.20344220607259553,0.0,0.14482543766992256,0.5975609756097561,0.1675799827431598,0.1282051282051282,0.1425846027224429,0,0
2,1500,0.428,0.0,0.3105110896817743,56,2.768040657043457,0.8421052631578947,0.14183055723885749,0.7631578947368421,0.1412396884221392,0.0,0.18299733962993237,0.0,0.17445008496333037,0.8932038834951457,0.22126679864224355,0.0,0.13821524458233653,0,0
3,2000,0.398,0.0,0.2747267575226016,56,3.7119345664978027,0.9382716049382716,0.134636185359683,0.5684210526315789,0.22524168385600962,0.03296703296703297,0.17340398644347457,0.0,0.16185718983494674,0.9041095890410958,0.11288299427932272,0.0,0.19197795834398096,0,0
4,2500,0.412,0.0,0.29502150903763236,56,4.686589956283569,0.8947368421052632,0.15444603270597965,0.15789473684210525,0.1652050091103602,0.0707070707070707,0.17014684647543882,0.5128205128205128,0.1551248858685848,0.9186046511627907,0.1741829857395779,0.0,0.1808942400876892,0,0
5,3000,0.504,0.0,0.3920138071703146,56,5.854332208633423,0.9634146341463414,0.13634232800620932,0.0,0.14204727895119396,0.18421052631578946,0.1354128128729428,0.8842105263157894,0.206813057050486,0.7653061224489796,0.21014251441679144,0.0,0.16924200870229514,0,0
6,3500,0.452,0.25393778327289057,0.34012475013847754,56,7.219403982162476,0.8461538461538461,0.1213335670620988,0.058823529411764705,0.18939885442502816,0.09523809523809523,0.19245329255793323,0.7727272727272727,0.13085092468766504,0.8470588235294118,0.21129967426279025,0.08641975308641975,0.15466368700448377,0,0
7,4000,0.548,0.4097596403534087,0.46157658001067325,56,8.201076030731201,0.72,0.14687891737765463,0.625,0.17254064485328158,0.19767441860465115,0.1708445426779898,0.06382978723404255,0.2043651471195293,0.922077922077922,0.1297803141261372,0.9041095890410958,0.1755904338454076,0,0
8,4500,0.592,0.49781359312281204,0.512409652376764,56,9.090630292892456,0.7236842105263158,0.11662439538508418,0.7702702702702703,0.11798007346339164,0.2087912087912088,0.1963969317039147,0.15625,0.23013797153113266,0.925,0.17117140612620563,0.9047619047619048,0.16768922179027107,0,0
9,5000,0.57,0.5090524230913386,0.48292448292448287,56,10.050225973129272,0.8194444444444444,0.13218150185500818,0.7395833333333334,0.19399273084576515,0.21052631578947367,0.19046660585175854,0.2872340425531915,0.1935820694340544,0.8472222222222222,0.10836113261242959,0.5604395604395604,0.18141595940098398,0,0
10,5500,0.602,0.32513884791195985,0.5193979674639669,56,11.036605834960938,0.8085106382978723,0.2038285596371401,0.7974683544303798,0.1842111611171489,0.1,0.11272405940055719,0.8452380952380952,0.1567059908716515,0.9213483146067416,0.18026883593099496,0.023529411764705882,0.16226139304250733,0,0
11,6000,0.546,0.49260052422010214,0.4544213501509355,56,12.213870763778687,0.7934782608695652,0.20814890024546046,0.725,0.16663108747386218,0.29213483146067415,0.1486268399276027,0.27941176470588236,0.15068839078951451,0.7894736842105263,0.15838374542825776,0.3854166666666667,0.16752103613530217,0,0
12,6500,0.558,0.45849370562087755,0.46996551178307444,56,13.493375301361084,0.7951807228915663,0.21979607860407108,0.6847826086956522,0.2259011273219536,0.37037037037037035,0.15838846383941127,0.09411764705882353,0.1448652448864649,0.8,0.11534958699430681,0.611764705882353,0.1356994983537925,0,0
13,7000,0.632,0.5600861579060398,0.5564832982215945,56,14.705175161361694,0.7816091954022989,0.13851585007956188,0.8390804597701149,0.12593302311330726,0.40476190476190477,0.18287934671571004,0.20512820512820512,0.16565848880004364,0.7222222222222222,0.17148408215072586,0.7849462365591398,0.21552920914065157,0,0
14,7500,0.594,0.5252916764117616,0.5143006168142905,56,15.750406503677368,0.8,0.19051028226438604,0.7692307692307693,0.1260290753025883,0.3118279569892473,0.23718766876346264,0.17045454545454544,0.18061287992169262,0.9420289855072463,0.1090089602804882,0.6818181818181818,0.1566511334673821,0,0
15,8000,0.57,0.4387163668794546,0.48261589403973504,56,16.86452078819275,0.7530864197530864,0.18832203138237752,0.7362637362637363,0.18092945076609973,0.25316455696202533,0.16894030364074625,0.08536585365853659,0.1487434778073527,0.8068181818181818,0.16733939856940158,0.7375,0.14572533783402236,0,0
16,8500,0.634,0.5214796426210113,0.5598400992885284,56,17.87918186187744,0.8444444444444444,0.169367718257855,0.7631578947368421,0.1596428383732184,0.379746835443038,0.13416671446833778,0.11764705882352941,0.20296063207762002,0.8705882352941177,0.16928526888483753,0.8023255813953488,0.16457682793813114,0,0
17,9000,0.614,0.5177664669145167,0.5394630090962022,56,19.297913312911987,0.9080459770114943,0.19272941230110566,0.7666666666666667,0.18137949389676475,0.2926829268292683,0.12793093673141462,0.1368421052631579,0.1820980956410124,0.8529411764705882,0.16108791699849773,0.810126582278481,0.1547741444312048,0,0
18,9500,0.618,0.5036257464249969,0.5406555878886992,56,20.465113878250122,0.8860759493670886,0.1507214978294317,0.8072289156626506,0.19806536275401276,0.36363636363636365,0.18624103035671133,0.10256410256410256,0.1505967896339172,0.8351648351648352,0.16937818355764175,0.7323943661971831,0.14499713586828528,0,0
19,10000,0.638,0.5213071793861751,0.5659659774877823,56,21.450219869613647,0.891566265060241,0.13240522110621428,0.7816091954022989,0.13481276940051198,0.38823529411764707,0.16763799883963945,0.10588235294117647,0.18065548109771956,0.8674698795180723,0.20385079766492867,0.8076923076923077,0.18063773189098606,0,0
20,10500,0.646,0.47714430057363466,0.5730845485549997,56,22.485337734222412,0.8539325842696629,0.16339013413415823,0.8275862068965517,0.16661276511554113,0.44329896907216493,0.18965303438252548,0.057971014492753624,0.12537850086819907,0.788235294117647,0.19974838211986742,0.8243243243243243,0.15521718337970858,0,0
21,11000,0.646,0.5355162589799866,0.5736953149837667,56,23.54975390434265,0.926829268292683,0.17664634503132295,0.8111111111111111,0.17488818310226448,0.4358974358974359,0.1451957456763734,0.125,0.15035184412320388,0.7176470588235294,0.1730441546798789,0.8023255813953488,0.17987372738695648,0,0
22,11500,0.626,0.5100855095890612,0.5502429169272212,56,24.559531211853027,0.8658536585365854,0.1464136359524754,0.84375,0.19590989703013215,0.41333333333333333,0.1377198747350386,0.10588235294117647,0.1532045723755737,0.7469879518072289,0.16293225690470936,0.7375,0.20381976300207083,0,0
23,12000,0.666,0.5392339809383199,0.5960446237651544,56,25.872219562530518,0.875,0.21991455240252833,0.8488372093023255,0.16992608136212764,0.4696969696969697,0.10799215704917657,0.11538461538461539,0.1533439235547386,0.7634408602150538,0.162607022587459,0.8,0.18621626304397004,0,0
24,12500,0.602,0.47937508630933373,0.5196299943997065,56,27.1986722946167,0.8441558441558441,0.15111756776556526,0.8064516129032258,0.19353836511250885,0.38823529411764707,0.12869397721881143,0.0945945945945946,0.16130178250697402,0.7840909090909091,0.1943404226104244,0.6190476190476191,0.17100788478571605,0,0
25,13000,0.644,0.5938069427270954,0.5715695477411125,56,28.18694281578064,0.9029126213592233,0.24582709590630475,0.7608695652173914,0.16516059580842557,0.5185185185185185,0.14958453691791637,0.27586206896551724,0.17143764387411065,0.803030303030303,0.1295536975856976,0.5555555555555556,0.13843642990754523,0,0
26,13500,0.638,0.5762477672930502,0.5643886519633797,56,29.300983428955078,0.9130434782608695,0.17111857690713844,0.8275862068965517,0.17442445481148142,0.4,0.12653071734414717,0.26744186046511625,0.18274513573836584,0.6190476190476191,0.17528155754537744,0.7317073170731707,0.1698995576534896,0,0
27,14000,0.65,0.6337986101761975,0.5794219575384408,56,30.3844473361969,0.8625,0.18481942821288708,0.8076923076923077,0.15247132823554949,0.5116279069767442,0.14968024908465338,0.3723404255319149,0.19678875263251464,0.6956521739130435,0.13940224402582613,0.7021276595744681,0.17683799780856937,0,0
28,14500,0.64,0.5998662068056821,0.566108231891045,56,31.53457498550415,0.8717948717948718,0.13585876095515714,0.7391304347826086,0.17484911888453142,0.42105263157894735,0.1677412474814622,0.36,0.19194536609354632,0.6222222222222222,0.18755929315089692,0.7666666666666667,0.14204621343440613,0,0
29,15000,0.64,0.5989790867604744,0.5688870579894809,56,32.934481382369995,0.875,0.18595729597677807,0.8133333333333334,0.16135908380850908,0.4148936170212766,0.19824756518224299,0.27058823529411763,0.1376500688361472,0.7738095238095238,0.16988465142589645,0.7469879518072289,0.14690133477042622,0,0
30,15500,0.634,0.6021664927217261,0.5597659783299013,56,34.42978501319885,0.7972972972972973,0.15361561916878996,0.8433734939759037,0.14051691613001135,0.4935064935064935,0.15794957925356684,0.26804123711340205,0.1861742026125758,0.76,0.15551881776285115,0.7052631578947368,0.20622486507220497,0,0
31,16000,0.69,0.6636779120284279,0.6272174548812868,56,35.45986294746399,0.868421052631579,0.1542450953430871,0.75,0.1603842050639178,0.5538461538461539,0.09062901067420452,0.3763440860215054,0.21696049164625839,0.7415730337078652,0.2032708665184365,0.8488372093023255,0.1745103307540959,0,0
32,16500,0.688,0.6499416721617604,0.624871951483439,56,36.58410120010376,0.8636363636363636,0.1446535217158203,0.826530612244898,0.1756439042088741,0.5714285714285714,0.21883388873523915,0.35135135135135137,0.14235632933279369,0.6891891891891891,0.16349567031622053,0.7631578947368421,0.1550166856910523,0,0
33,17000,0.654,0.6177671077499083,0.5840026162147605,56,37.67361354827881,0.8533333333333334,0.12643250907303083,0.7978723404255319,0.21896428153691713,0.45161290322580644,0.17704141305332166,0.3246753246753247,0.14941992000363818,0.6785714285714286,0.16421818969907334,0.8205128205128205,0.1639236866340189,0,0
34,17500,0.67,0.6101606208073254,0.6030734145789932,56,38.670695543289185,0.9375,0.1711098751823354,0.7926829268292683,0.18500110710614234,0.4675324675324675,0.1751429422767411,0.2682926829268293,0.14243757690259212,0.7142857142857143,0.18572926483036278,0.775,0.14057923370182634,0,0
35,18000,0.626,0.5974093908580878,0.5503164617841134,56,39.93618893623352,0.8765432098765432,0.1699506604787468,0.7252747252747253,0.20851916954813648,0.45454545454545453,0.16090345584114726,0.336734693877551,0.19084658220955356,0.609375,0.1067321797727282,0.7666666666666667,0.16304795214968779,0,0
36,18500,0.62,0.5935730309586298,0.5437583744351009,56,41.362027645111084,0.8651685393258427,0.184256184674568,0.686046511627907,0.19503570829981473,0.4567901234567901,0.15673800188967404,0.3522727272727273,0.1457113165339608,0.7397260273972602,0.13068656541764015,0.6190476190476191,0.1875722231843423,0,0
37,19000,0.656,0.6085209210455129,0.584064847192196,56,42.43828105926514,0.8115942028985508,0.16519963717720007,0.8571428571428571,0.1694991456591362,0.3448275862068966,0.16211335934773513,0.37681159420289856,0.1673667532066373,0.76,0.1719677527455535,0.7391304347826086,0.16385335186373778,0,0
38,19500,0.672,0.6173702499829887,0.6056858181538403,56,43.52965545654297,0.8974358974358975,0.18306682923385775,0.8395061728395061,0.14331076726441064,0.36538461538461536,0.20693791936399414,0.3076923076923077,0.12972951985181996,0.8390804597701149,0.16137109896362328,0.7790697674418605,0.17558386532229397,0,0
39,20000,0.662,0.5969959381124033,0.5929829293668838,56,44.58461833000183,0.8850574712643678,0.17405814689511248,0.7526881720430108,0.20342120313541454,0.4,0.1246167011420048,0.26582278481012656,0.15377713001948756,0.7608695652173914,0.17095455407548704,0.84,0.17317226473249375,0,0
40,20500,0.66,0.6332108765884744,0.5908130304386966,56,45.74277091026306,0.9230769230769231,0.11129301618989033,0.7529411764705882,0.18521215342462538,0.38636363636363635,0.19658442528311754,0.425,0.18263536939437983,0.7777777777777778,0.19746765924899456,0.7261904761904762,0.12680737645899237,0,0
41,21000,0.628,0.589257410075845,0.5539354405487074,56,47.07288098335266,0.9459459459459459,0.12501348911436452,0.8488372093023255,0.1803020351927253,0.30120481927710846,0.16272396233709285,0.36082474226804123,0.19425870427124378,0.7361111111111112,0.14360426343262606,0.651685393258427,0.1940975456519477,0,0
42,21500,0.642,0.5987207587904103,0.570102166781146,56,48.41314125061035,0.8717948717948718,0.17387633952379758,0.8089887640449438,0.16678368656799,0.40476190476190477,0.1492792918239041,0.2988505747126437,0.20211338851773997,0.8045977011494253,0.15067916544498372,0.6710526315789473,0.15726812812158436,0,0
43,22000,0.638,0.577373470390048,0.5630467950327352,56,49.51481795310974,0.8461538461538461,0.16207136034777792,0.735632183908046,0.19842940821164745,0.3333333333333333,0.15129131706843463,0.3409090909090909,0.1454354248596523,0.6777777777777778,0.1852475284505691,0.7727272727272727,0.15752496106191874,0,0
44,22500,0.676,0.6282615328322372,0.6096122148000348,56,50.49540853500366,0.8433734939759037,0.1606833056735605,0.8352941176470589,0.17007397645408254,0.46987951807228917,0.14422698123312463,0.32051282051282054,0.15125473938744,0.6883116883116883,0.13303401144099794,0.8421052631578947,0.24072698581079452,0,0
45,23000,0.648,0.6243489469779262,0.5770267867013377,56,51.54358243942261,0.8735632183908046,0.15003800548799712,0.75,0.12275306169950326,0.47619047619047616,0.17115692949248945,0.40229885057471265,0.18998610619854067,0.7608695652173914,0.2186606607801431,0.620253164556962,0.14740523634132632,0,0
46,23500,0.644,0.6043078587896299,0.5731066801609723,56,52.6479651927948,0.9247311827956989,0.1728942553760117,0.8227848101265823,0.1316960674793678,0.4166666666666667,0.19664130593171053,0.3058823529411765,0.1474949747644137,0.7142857142857143,0.19773483982458262,0.703125,0.15353855662391372,0,0
47,24000,0.644,0.6080935945440399,0.5724812420140457,56,54.019654273986816,0.9230769230769231,0.15853064941242595,0.7654320987654321,0.20082023776986982,0.38636363636363635,0.13110693895612976,0.3333333333333333,0.19151341262466282,0.72,0.1688301135382622,0.7717391304347826,0.14919864769864918,0,0
48,24500,0.624,0.5883393890600345,0.5479704353429413,56,55.289912700653076,0.8924731182795699,0.18396767189870872,0.8059701492537313,0.1535700156372672,0.4634146341463415,0.15505716121580457,0.3373493975903614,0.17574040924914952,0.6947368421052632,0.20202470624809513,0.5308641975308642,0.12964003575097474,0,0
49,25000,0.632,0.6046962928694883,0.5567995144064245,56,56.2750289440155,0.8714285714285714,0.14530944016207162,0.7352941176470589,0.2267134102980213,0.44871794871794873,0.12482393745868295,0.3488372093023256,0.18156847241983942,0.7083333333333334,0.15489547472448656,0.6881720430107527,0.166689264936898,0,0
50,25500,0.614,0.5977456662079433,0.5357251107764697,56,57.3265278339386,0.8767123287671232,0.14628946707109067,0.723404255319149,0.164286008464515,0.4,0.18986859476920734,0.5753424657534246,0.13910408843531846,0.6170212765957447,0.1949703737908948,0.5064935064935064,0.165481467468974,0,0
51,26000,0.648,0.6082178101154688,0.5755517826825127,56,58.45281219482422,0.9148936170212766,0.180328305827643,0.8636363636363636,0.1716604055513355,0.47368421052631576,0.13624156982224134,0.4473684210526316,0.18095342501587425,0.5394736842105263,0.14328654265517823,0.5604395604395604,0.18752975112772788,0,0
52,26500,0.652,0.6292279939270063,0.5814409976137327,56,59.424092054367065,0.8478260869565217,0.1767096509765657,0.8115942028985508,0.1353030423303483,0.5189873417721519,0.16153652255297898,0.4177215189873418,0.16619183334102045,0.5888888888888889,0.17293787815746228,0.7065217391304348,0.18732107264162415,0,0
53,27000,0.674,0.6511737715534353,0.6087261274928707,56,60.917046546936035,0.8941176470588236,0.17875994102049828,0.9024390243902439,0.16430812644312048,0.5256410256410257,0.17664284569508634,0.41304347826086957,0.18660905672431696,0.6483516483516484,0.15531968082613282,0.6712328767123288,0.13836034929084493,0,0
54,27500,0.624,0.603625927844335,0.5483787276771772,56,62.333810567855835,0.8554216867469879,0.18640872583870474,0.7469879518072289,0.14096718431503188,0.4146341463414634,0.15528750309826306,0.4606741573033708,0.20613936365869898,0.7662337662337663,0.1455285699143804,0.5172413793103449,0.1656686531749209,0,0
55,28000,0.626,0.6061547575047905,0.5502061354769499,56,63.5867965221405,0.8461538461538461,0.16577259870801103,0.7526881720430108,0.22261016970747768,0.5733333333333334,0.16954330448404423,0.4050632911392405,0.1445303167124188,0.6022727272727273,0.1494360700116712,0.5568181818181818,0.1481075403763774,0,0
56,28500,0.692,0.6512456648791293,0.6281001714603105,56,64.66797685623169,0.8658536585365854,0.15972943312436455,0.9038461538461539,0.1643402125351201,0.48148148148148145,0.1860723438320784,0.4861111111111111,0.13387195823173118,0.7415730337078652,0.22095835488882712,0.5616438356164384,0.1350276973878786,0,0
57,29000,0.68,0.6478975964264496,0.6145451391732958,56,65.79253196716309,0.883495145631068,0.25525669368205683,0.8470588235294118,0.1598463021975346,0.5,0.15350337331221045,0.45348837209302323,0.15555045045913948,0.68,0.1291099638849321,0.6410256410256411,0.14673321646412663,0,0
58,29500,0.688,0.6664908602399872,0.6244908963113451,56,67.08009815216064,0.8111111111111111,0.14885206579632673,0.8571428571428571,0.17328390529658672,0.5147058823529411,0.1373387239345597,0.49411764705882355,0.14193530994700546,0.7692307692307693,0.21589097475411534,0.6444444444444445,0.1826990202714059,0,0
59,30000,0.662,0.631196944575675,0.5932748355049409,56,68.4854326248169,0.8241758241758241,0.1767261679304227,0.8554216867469879,0.14407850800353778,0.48717948717948717,0.18376746380636683,0.3924050632911392,0.14124092483337033,0.7272727272727273,0.19036299080229419,0.6451612903225806,0.16382394462400807,0,0
60,30500,0.636,0.6179584011538721,0.563762571787423,56,69.7720365524292,0.8214285714285714,0.14628392427631473,0.8947368421052632,0.16120599139743347,0.4945054945054945,0.19030714624950787,0.38636363636363635,0.18034771755645781,0.627906976744186,0.189577075912147,0.631578947368421,0.13227814460813903,0,0
61,31000,0.648,0.6206086647392736,0.5763854122540147,56,70.88163948059082,0.8571428571428571,0.14689078649275716,0.7647058823529411,0.14780976293025777,0.4444444444444444,0.17887803795847917,0.4,0.14858291571954257,0.7311827956989247,0.19465135570118527,0.6705882352941176,0.18318714119777804,0,0
62,31500,0.65,0.6073429189764101,0.5788267798780282,56,71.96741437911987,0.9047619047619048,0.16569955974399345,0.7954545454545454,0.153162699396894,0.3902439024390244,0.17840532628464517,0.4,0.11461018181915296,0.7333333333333333,0.20001347795785962,0.6091954022988506,0.1881087547974546,0,0
63,32000,0.664,0.6348260418314504,0.5956445137625278,56,72.9324882030487,0.8541666666666666,0.180787352456479,0.8472222222222222,0.08840145413366504,0.49295774647887325,0.15297258331075617,0.4,0.17743832954273656,0.7582417582417582,0.2042214436896078,0.6049382716049383,0.19617883686675552,0,0
64,32500,0.622,0.5895314146890314,0.5461204101726663,56,73.9974262714386,0.851063829787234,0.2082578947881277,0.7840909090909091,0.1724305256228803,0.45569620253164556,0.13284013194494032,0.34782608695652173,0.18326737703079488,0.726027397260274,0.16370538661041412,0.5466666666666666,0.13949868400284265,0,0
65,33000,0.656,0.6317080991130514,0.5864808074202653,56,75.55690217018127,0.8444444444444444,0.16516569104416096,0.7721518987341772,0.17966167453930496,0.4827586206896552,0.15551437590035,0.41333333333333333,0.16625132844001062,0.7733333333333333,0.15858985979716458,0.631578947368421,0.17481707027900895,0,0
66,33500,0.658,0.6239953057417541,0.5878008330762111,56,76.6630859375,0.8461538461538461,0.18267789999284545,0.9024390243902439,0.15335124360106644,0.44776119402985076,0.12118756186465443,0.36,0.21328399773311815,0.6714285714285714,0.12580159222689022,0.7142857142857143,0.20369770458142533,0,0
67,34000,0.63,0.5983312205405762,0.5547061542016483,56,77.80685639381409,0.8518518518518519,0.1695621905666322,0.7654320987654321,0.16635640279162764,0.547945205479452,0.12558550840412322,0.32051282051282054,0.17607273881163404,0.6451612903225806,0.17288218965439023,0.6210526315789474,0.1895409697715926,0,0
68,34500,0.626,0.5924395302268713,0.5505650382860906,56,78.9276180267334,0.8809523809523809,0.15599647751952347,0.7464788732394366,0.16742618592098973,0.4936708860759494,0.1751772519169142,0.3132530120481928,0.20257300842488338,0.711340206185567,0.166483024381845,0.5977011494252874,0.1323440518358441,0,0
69,35000,0.586,0.5361583932968121,0.5026405701132634,56,80.00133275985718,0.9156626506024096,0.1639995791597291,0.7662337662337663,0.13006644708537685,0.3013698630136986,0.168903794611518,0.2916666666666667,0.2118589548311086,0.6847826086956522,0.15246091876634335,0.5625,0.17271030554592393,0,0
70,35500,0.666,0.6403732099310856,0.5981229695584166,56,81.14101552963257,0.8313253012048193,0.19456479085933978,0.7840909090909091,0.19327088636916834,0.4943820224719101,0.15023918475630513,0.4166666666666667,0.11115674473381294,0.7236842105263158,0.14297073196437315,0.7096774193548387,0.20779766131700067,0,0
71,36000,0.66,0.6369919360956219,0.5912911353451427,56,82.55746364593506,0.8352941176470589,0.18483368115627075,0.7608695652173914,0.17954733223873914,0.5050505050505051,0.21092758860150573,0.40540540540540543,0.12406443940843695,0.7529411764705882,0.14026344979665173,0.6818181818181818,0.1603635087983957,0,0
72,36500,0.628,0.6005511226442455,0.5524176665078471,56,83.75706219673157,0.8795180722891566,0.16709542152447276,0.8028169014084507,0.16147215745708435,0.43956043956043955,0.12053936617011728,0.3670886075949367,0.12526448107241792,0.6862745098039216,0.24880986910821065,0.6,0.17681870466769703,0,0
73,37000,0.616,0.5784347542184954,0.5383239234771903,56,84.97043299674988,0.8539325842696629,0.16228476684773688,0.8651685393258427,0.20536137831726253,0.5,0.1309618377913741,0.34523809523809523,0.1792073573893952,0.5454545454545454,0.15536573622831087,0.5384615384615384,0.1668189234259203,0,0
74,37500,0.618,0.5890242012952827,0.5409558692757678,56,86.09888005256653,0.8604651162790697,0.16455080359235832,0.7674418604651163,0.200191375652419,0.3614457831325301,0.12848716593510812,0.44047619047619047,0.16961993797733016,0.64,0.18377613703713458,0.6206896551724138,0.1533745798056499,0,0
75,38000,0.68,0.6430528684695346,0.6147474669645954,56,87.18594932556152,0.8977272727272727,0.18119297380486724,0.8461538461538461,0.20086843054395168,0.5652173913043478,0.17517226624637355,0.3709677419354839,0.11199886431714819,0.7160493827160493,0.13529213201615356,0.62,0.195475333071506,0,0
76,38500,0.638,0.6076842473663793,0.5644850818094321,56,88.21692323684692,0.8533333333333334,0.14474806179407493,0.7093023255813954,0.16206473389469786,0.42168674698795183,0.17845793928141493,0.3614457831325301,0.20202233501431283,0.7073170731707317,0.16088368730132155,0.7717391304347826,0.15182324271417788,0,0
77,39000,0.638,0.6277998934300945,0.5656305796071956,56,89.5457456111908,0.9125,0.20042878264997774,0.7108433734939759,0.1783902532551201,0.45794392523364486,0.22081299135460958,0.48717948717948717,0.12608063480428164,0.7051282051282052,0.15593080569472564,0.6,0.11835653224128542,0,0
78,39500,0.668,0.6487822316873441,0.5996797437950361,56,90.81140613555908,0.9367088607594937,0.15634853485970435,0.7619047619047619,0.21380457593259253,0.6507936507936508,0.14755325812539866,0.40860215053763443,0.15638824138609592,0.6794871794871795,0.1419984355723275,0.5783132530120482,0.1839069541238811,0,0
79,40000,0.7,0.6774378710128904,0.6396171292381025,56,91.91410660743713,0.9230769230769231,0.1711989045228511,0.8157894736842105,0.1421440467715014,0.5675675675675675,0.15603816152385222,0.42391304347826086,0.1923948179863096,0.7674418604651163,0.1753693210829493,0.6951219512195121,0.1628547481125364,0,0
80,40500,0.654,0.6302355070873464,0.5837704144973006,56,92.96969103813171,0.8918918918918919,0.16182709769998005,0.8068181818181818,0.17959766467542673,0.4880952380952381,0.19418633893004605,0.39759036144578314,0.1325422662942253,0.696969696969697,0.20448982037331487,0.6438356164383562,0.12735681202700722,0,0
81,41000,0.644,0.6340096552037147,0.5728505744919802,56,94.06418180465698,0.8372093023255814,0.17700932429161392,0.8076923076923077,0.13715627969923727,0.4943820224719101,0.1702070702461529,0.5473684210526316,0.18623775372934404,0.5679012345679012,0.17541020848550098,0.625,0.1539793635481508,0,0
82,41500,0.628,0.6109571257871385,0.5532669158124297,56,95.16542077064514,0.8695652173913043,0.1636991960542062,0.7123287671232876,0.12206686431699956,0.47674418604651164,0.20033618730974082,0.4606741573033708,0.17344220235231397,0.6626506024096386,0.17382206136539552,0.5769230769230769,0.1666334886013439,0,0
83,42000,0.666,0.6372309206091389,0.5984978530454058,56,96.61730003356934,0.9058823529411765,0.1692344243348917,0.75,0.16696676645749545,0.5641025641025641,0.15834429981838968,0.375,0.13942718463817316,0.6666666666666666,0.19717574737673438,0.6987951807228916,0.16885157737431528,0,0
84,42500,0.648,0.6357200288068487,0.577718914353718,56,97.91405820846558,0.8658536585365854,0.1509025147724002,0.7066666666666667,0.13130475664552446,0.5909090909090909,0.143899797634942,0.3956043956043956,0.22151515551274187,0.6704545454545454,0.16753538751583688,0.6883116883116883,0.18484238791855462,0,0
85,43000,0.618,0.591736423850356,0.5419993765436539,56,99.1361083984375,0.8888888888888888,0.12223617773923612,0.7236842105263158,0.16341215946150509,0.40425531914893614,0.1669760078181652,0.2967032967032967,0.1858348787833254,0.7948717948717948,0.16449885769197384,0.7,0.1970419185057943,0,0
86,43500,0.666,0.6460413724190405,0.5994127919249295,56,100.18737959861755,0.8913043478260869,0.17699639633896724,0.76,0.1160698704190567,0.5102040816326531,0.22648168468081137,0.4146341463414634,0.18540159460078676,0.821917808219178,0.11464736076930308,0.6172839506172839,0.18040309319107478,0,0
87,44000,0.666,0.6400101113018835,0.5987274614586137,56,101.24574327468872,0.8701298701298701,0.15677020923299098,0.8315789473684211,0.16126788702820216,0.6206896551724138,0.2196423368857179,0.375,0.16255171047076308,0.7564102564102564,0.1430558883381227,0.5394736842105263,0.1567119680442033,0,0
88,44500,0.628,0.6132981571714615,0.5520554873202803,56,102.3067135810852,0.8260869565217391,0.11410886072549979,0.7171717171717171,0.2255272196141889,0.4838709677419355,0.16760698395285623,0.42105263157894735,0.15302235823877797,0.6867469879518072,0.1738326693848792,0.6419753086419753,0.16590190808379762,0,0
89,45000,0.616,0.5927532519664548,0.5392589748512191,56,103.67615127563477,0.8152173913043478,0.19589852837693159,0.7078651685393258,0.1649643323143116,0.51,0.19001449096030365,0.32558139534883723,0.16445080265206966,0.609375,0.13271681468766827,0.7428571428571429,0.15195503100871524,0,0
90,45500,0.606,0.5780780950322176,0.5263785509587829,56,105.0662009716034,0.8470588235294118,0.19775684044877473,0.6753246753246753,0.15236755728400816,0.5697674418604651,0.13356639844416582,0.2717391304347826,0.19305996294187472,0.6285714285714286,0.1577169898092808,0.6703296703296703,0.16553225107189573,0,0
91,46000,0.662,0.6485118100736704,0.5941480471076445,56,106.0836820602417,0.8780487804878049,0.14337885665427147,0.7415730337078652,0.18334887088603533,0.5168539325842697,0.18786227360481236,0.4819277108433735,0.14409612136795438,0.6625,0.1632568385778327,0.6923076923076923,0.17805703890909366,0,0
92,46500,0.64,0.6207427117927057,0.5671183065668153,56,107.15292525291443,0.8,0.13835996225655692,0.7530864197530864,0.19977558640168072,0.5591397849462365,0.17188095513941454,0.38666666666666666,0.1092879162093835,0.6823529411764706,0.21198676541233613,0.6436781609195402,0.1687088145806281,0,0
93,47000,0.642,0.6344936151648244,0.5704611663299146,56,108.20823860168457,0.8133333333333334,0.17083950676394247,0.7764705882352941,0.13241687290237134,0.45263157894736844,0.1720665632398377,0.4666666666666667,0.20531609265655776,0.7162162162162162,0.14898099820892136,0.6829268292682927,0.17037996622836948,0,0
94,47500,0.68,0.6636795407389237,0.6154012566763939,56,109.29244375228882,0.8651685393258427,0.16986650700917547,0.7468354430379747,0.15251203047841788,0.6190476190476191,0.14630651862197266,0.4457831325301205,0.1819369424164753,0.6835443037974683,0.18718395986351996,0.7011494252873564,0.16219404161043882,0,0
95,48000,0.644,0.6080265922722865,0.5710078423622525,56,110.54680895805359,0.9142857142857143,0.15361459029600744,0.7634408602150538,0.20630948768144797,0.6732673267326733,0.19363485866149613,0.2875,0.1763065313151049,0.6097560975609756,0.15025577605219587,0.6133333333333333,0.11987875599374766,0,0
96,48500,0.632,0.6093951380348299,0.557826235322955,56,111.81578135490417,0.8953488372093024,0.17923265237698374,0.7228915662650602,0.1384870756380939,0.6875,0.15652697472091429,0.38823529411764707,0.1792897252623208,0.6282051282051282,0.17458456473342104,0.47191011235955055,0.17187900726826627,0,0
97,49000,0.656,0.6442596687755098,0.5875220627733866,56,112.82327723503113,0.8977272727272727,0.18467167444470442,0.717948717948718,0.13186581116492835,0.5813953488372093,0.1833474599664051,0.41836734693877553,0.22154567033626257,0.6933333333333334,0.14606518423898604,0.6578947368421053,0.13250419984871356,0,0
98,49500,0.652,0.6363845324980885,0.5820161236079215,56,113.92602825164795,0.8888888888888888,0.2051244191382427,0.7,0.15518013155753096,0.5333333333333333,0.19558579211391683,0.5,0.1587295847328575,0.6875,0.11159664794916634,0.5822784810126582,0.1737834245082859,0,0
99,50000,0.648,0.6286481519854463,0.5765729353118925,56,115.0060203075409,0.8666666666666667,0.19747495217635808,0.7662337662337663,0.1713866429743713,0.5056179775280899,0.13883804490538484,0.42045454545454547,0.20445899234825118,0.6176470588235294,0.1404549435940482,0.7078651685393258,0.1473864240015863,0,0
100,50500,0.64,0.6234909879863616,0.5671661889463864,56,116.05989193916321,0.8271604938271605,0.18100197205761195,0.75,0.19148753433733748,0.5465116279069767,0.167132357951753,0.5301204819277109,0.1543022232364189,0.6627906976744186,0.17205545071782008,0.4931506849315068,0.13402046169905854,0,0
101,51000,0.636,0.6333373797339796,0.5624726545409088,56,117.40987992286682,0.8309859154929577,0.18510059765855677,0.7466666666666667,0.13300878912764727,0.5955056179775281,0.15178439207073582,0.45054945054945056,0.18325244352516412,0.6022727272727273,0.19236616960666847,0.6436781609195402,0.1544876080112275,0,0
102,51500,0.638,0.6233620416945943,0.5651526290247406,56,118.8112542629242,0.7926829268292683,0.14739401800081878,0.7010309278350515,0.1743850361994914,0.6666666666666666,0.16644042508982962,0.43243243243243246,0.16711682762827676,0.5567010309278351,0.18564006987712323,0.6578947368421053,0.15902362320446037,0,0
103,52000,0.684,0.6648123650314828,0.6202762850523441,56,119.9308352470398,0.9080459770114943,0.1711302898776073,0.7848101265822784,0.18341434386421404,0.5588235294117647,0.11231722374900753,0.46153846153846156,0.192653718597139,0.717391304347826,0.17472351403122174,0.6547619047619048,0.1657609098808104,0,0
104,52500,0.662,0.6505670597917985,0.5938749615502923,56,120.96786665916443,0.8607594936708861,0.15195574115011395,0.7333333333333333,0.19105608911081257,0.5375,0.13577938421104097,0.5512820512820513,0.15857126632513988,0.6781609195402298,0.1585933679174166,0.5977011494252874,0.204044151285476,0,0
105,53000,0.664,0.6556399436210631,0.5962101437780309,56,121.97405409812927,0.8461538461538461,0.17171938973881432,0.75,0.17221159970081887,0.6195652173913043,0.1702561280300289,0.5128205128205128,0.14401244560808815,0.6666666666666666,0.14793156905972588,0.5909090909090909,0.1938688678625238,0,0
106,53500,0.656,0.6424256001522258,0.5867351597076392,56,123.19855070114136,0.8732394366197183,0.14139414972697245,0.8404255319148937,0.19360886626536444,0.5348837209302325,0.17707887939315806,0.4606741573033708,0.12924402405701946,0.5955056179775281,0.22511025378161303,0.6527777777777778,0.13356382677587272,0,0
107,54000,0.696,0.6782579963365158,0.633764944558759,56,124.569584608078,0.8588235294117647,0.19293583662461067,0.8390804597701149,0.15904157025691726,0.6274509803921569,0.1962627189998049,0.5384615384615384,0.14175300894487974,0.5542168674698795,0.13957946375716623,0.7215189873417721,0.17042740141662116,0,0
108,54500,0.65,0.62981142678525,0.5794017410364503,56,125.97179532051086,0.9222222222222223,0.18588087761246902,0.7530864197530864,0.14095294077110695,0.6197183098591549,0.12297790539344469,0.5176470588235295,0.15690804477401468,0.6022727272727273,0.20467893778400503,0.46511627906976744,0.18860129366495948,0,0
109,55000,0.664,0.6341899232268581,0.594850745908716,56,127.0448796749115,0.8380952380952381,0.17323217553159226,0.813953488372093,0.1735705274214831,0.5487804878048781,0.15990501323650452,0.48484848484848486,0.16281321800671306,0.5974025974025974,0.14896641945193834,0.6,0.18151264635176872,0,0
110,55500,0.662,0.6453639114680585,0.5932435099474828,56,128.2146439552307,0.8602150537634409,0.15129657680365688,0.7865168539325843,0.1849558733493184,0.6056338028169014,0.1494265043253464,0.5,0.1761062475160919,0.7352941176470589,0.1258077588079486,0.47959183673469385,0.2124070391976378,0,0
111,56000,0.688,0.6566084044014324,0.6239659062421659,56,129.3100311756134,0.9215686274509803,0.23141349346275958,0.8111111111111111,0.18398114164133209,0.5443037974683544,0.14586679257994548,0.5060240963855421,0.16492840756124985,0.6455696202531646,0.15449551781480417,0.6029411764705882,0.11931464693990908,0,0
112,56500,0.67,0.6559041662520858,0.6036359792833739,56,130.48200726509094,0.9125,0.15461554130530247,0.735632183908046,0.17691895894152762,0.46511627906976744,0.19358271080609052,0.5813953488372093,0.16176936277445877,0.7093023255813954,0.15880891093726962,0.618421052631579,0.15430451523535083,0,0
113,57000,0.652,0.6389042989384336,0.5823351784196908,56,131.88903665542603,0.8554216867469879,0.15499670769616058,0.8933333333333333,0.14029894760138095,0.5978260869565217,0.1862047541644995,0.43010752688172044,0.23029780517784035,0.6,0.16222431591847483,0.5769230769230769,0.1259774694416439,0,0
114,57500,0.646,0.6360834133792103,0.5749034526485677,56,133.1431987285614,0.8260869565217391,0.22960592351221754,0.7380952380952381,0.17407844796975536,0.6615384615384615,0.09087667149415257,0.4842105263157895,0.16242470755220084,0.5581395348837209,0.2129749962283987,0.6075949367088608,0.13003925324327503,0,0
115,58000,0.686,0.6657030742466395,0.6223074369349648,56,134.20225143432617,0.8645833333333334,0.19143690865868704,0.8588235294117647,0.1784520267934595,0.5333333333333333,0.14626315791062539,0.581081081081081,0.1376980062111027,0.6219512195121951,0.19818971978666688,0.6081081081081081,0.14796018063945848,0,0
116,58500,0.676,0.6541927577794492,0.609316593433625,56,135.26484155654907,0.9104477611940298,0.10936385761809758,0.8,0.1843719358495409,0.5972222222222222,0.1365750832880698,0.44871794871794873,0.1781193606822808,0.7333333333333333,0.2078397444562388,0.5476190476190477,0.18373001810577214,0,0
117,59000,0.646,0.6338061974387836,0.5749340787596721,56,136.59893798828125,0.8604651162790697,0.1712587802294704,0.7125,0.15036347649699952,0.5054945054945055,0.187027044014263,0.5121951219512195,0.1559535109061406,0.7125,0.15498251771741017,0.573170731707317,0.18041467063571626,0,0
118,59500,0.69,0.6678649583490737,0.6272658628434564,56,137.66067719459534,0.865979381443299,0.2405710438521989,0.8068181818181818,0.15353529290362863,0.6172839506172839,0.1613098426343299,0.48717948717948717,0.19299797842218447,0.6419753086419753,0.13564136338618696,0.6578947368421053,0.1159444788014711,0,0
119,60000,0.642,0.6279866792194448,0.5692642359373196,56,139.11337852478027,0.8493150684931506,0.14249430200975136,0.7752808988764045,0.14756394642164272,0.4835164835164835,0.17733350651238383,0.4823529411764706,0.19597767317477596,0.7111111111111111,0.1941605704719454,0.5616438356164384,0.14247000140950059,0,0
120,60500,0.688,0.6718439760046839,0.6242846958632782,56,140.3049612045288,0.9295774647887324,0.1452647839643731,0.7764705882352941,0.1744960154521949,0.5609756097560976,0.18657076175955148,0.4805194805194805,0.12009703387302254,0.7849462365591398,0.16622680669979176,0.6021505376344086,0.20734459825106635,0,0
121,61000,0.63,0.5998572809577957,0.5553461810245786,56,141.42417645454407,0.8404255319148937,0.1852358357246782,0.7083333333333334,0.11628480084501693,0.4,0.175599433824205,0.3855421686746988,0.18267017080783993,0.7974683544303798,0.13858824044287577,0.6363636363636364,0.2016215183553842,0,0
122,61500,0.682,0.6580555125069321,0.6154887887171352,56,142.47662663459778,0.9516129032258065,0.13191833730671615,0.8,0.15881600141295035,0.6,0.14664104006037168,0.34146341463414637,0.16972141577868033,0.6813186813186813,0.18077120649530795,0.7641509433962265,0.21213199894597312,0,0
123,62000,0.66,0.6354411498250851,0.5921598733296548,56,143.46901655197144,0.9081632653061225,0.21177178383405848,0.6582278481012658,0.14738065992422908,0.5955056179775281,0.14908932941404493,0.3707865168539326,0.2064700668755511,0.6962025316455697,0.14975840993266995,0.7164179104477612,0.13552975001944653,0,0
124,62500,0.698,0.667574938477215,0.6363356116546006,56,144.64070415496826,0.8690476190476191,0.17277269280431234,0.8588235294117647,0.1450559928981246,0.6162790697674418,0.1655946813675377,0.4166666666666667,0.15312445619484003,0.7634408602150538,0.2086700495933318,0.6049382716049383,0.15478212714185355,0,0
125,63000,0.682,0.6645221326262579,0.6170132816903443,56,145.9013385772705,0.9066666666666666,0.16594166960724752,0.7051282051282052,0.1478637988645053,0.5975609756097561,0.15878737503900012,0.4358974358974359,0.14979637544593669,0.7058823529411765,0.22765909140549448,0.7325581395348837,0.1499516896378156,0,0
126,63500,0.666,0.6594564229009959,0.5986445240212455,56,147.17945790290833,0.9027777777777778,0.14176341777689605,0.7349397590361446,0.15882578422917346,0.5681818181818182,0.21299266958092322,0.5116279069767442,0.17433779377952885,0.7078651685393258,0.14458609686420298,0.6024096385542169,0.1674942377692753,0,0
127,64000,0.654,0.6362698628748832,0.5836562203685967,56,148.29041385650635,0.875,0.17507213249189812,0.7272727272727273,0.1765734881428133,0.5531914893617021,0.1909258740709467,0.41333333333333333,0.149149463664926,0.691358024691358,0.12868065239976295,0.6595744680851063,0.17959838922965282,0,0
128,64500,0.666,0.6503532273722209,0.5983935742971888,56,149.3371398448944,0.8529411764705882,0.12455424882860203,0.826530612244898,0.19719694274118013,0.43617021276595747,0.16632521443521808,0.5256410256410257,0.1289457907912626,0.8051948051948052,0.18603194339987664,0.5813953488372093,0.1969458598038607,0,0
129,65000,0.688,0.659990815872199,0.6246011387098792,56,150.34600591659546,0.9382716049382716,0.1310286369627261,0.8295454545454546,0.1573010741008933,0.5070422535211268,0.13622081836033723,0.45121951219512196,0.15984216849630398,0.7441860465116279,0.18385439037759163,0.6236559139784946,0.23175291170214782,0,0
130,65500,0.67,0.6368916339517426,0.6035864613965288,56,151.42354941368103,0.9438202247191011,0.18526602694885896,0.8625,0.1626469766105573,0.5844155844155844,0.156312336224819,0.3448275862068966,0.11665829407316321,0.6538461538461539,0.17809603538718047,0.6222222222222222,0.20102033075542072,0,0
131,66000,0.66,0.6383224255563779,0.591214477740426,56,152.68103671073914,0.8658536585365854,0.15047723450846653,0.7692307692307693,0.14435476781483017,0.6027397260273972,0.13668291266078822,0.35555555555555557,0.18953114169582333,0.7701149425287356,0.18473045782696312,0.6153846153846154,0.19422348549312862,0,0
132,66500,0.726,0.7077259704113467,0.6703418338619093,56,154.03523135185242,0.875,0.14943260587848886,0.8085106382978723,0.18747418969140933,0.6533333333333333,0.1762922705278991,0.5063291139240507,0.1587147562102951,0.810126582278481,0.14733976583280953,0.6627906976744186,0.180746411859098,0,0
133,67000,0.696,0.6712229405418436,0.6347505971347145,56,155.04604744911194,0.9186046511627907,0.16915206888506112,0.7816091954022989,0.16842906266818408,0.532608695652174,0.17435670528092137,0.4342105263157895,0.16656335215833873,0.7710843373493976,0.18021617649020563,0.7142857142857143,0.1412826345172892,0,0
134,67500,0.704,0.6778913470005493,0.643498913635203,56,156.17745637893677,0.9090909090909091,0.19226052275795785,0.6823529411764706,0.1660135506554554,0.5930232558139535,0.1492021180501553,0.47058823529411764,0.16117008066599395,0.8021978021978022,0.18345514422102277,0.6987951807228916,0.14789858364941483,0,0
135,68000,0.686,0.6695681971337192,0.6232012057561416,56,157.22679114341736,0.8571428571428571,0.15644541823246932,0.8375,0.1588079585370361,0.6883116883116883,0.148000558494186,0.4,0.18006279752334606,0.7176470588235294,0.15261419942936405,0.6352941176470588,0.20406906778359843,0,0
136,68500,0.678,0.6577973387663658,0.6141864366163432,56,158.33667421340942,0.9176470588235294,0.15658660047586861,0.8313253012048193,0.16125052550716984,0.5154639175257731,0.20186410138957425,0.4111111111111111,0.17948423868730237,0.8157894736842105,0.1472586445104809,0.6142857142857143,0.15355588942960405,0,0
137,69000,0.65,0.6341138232845033,0.5786584485000241,56,159.5761821269989,0.8765432098765432,0.15045884050454944,0.7083333333333334,0.09984623511978363,0.5747126436781609,0.1901674979879537,0.39759036144578314,0.18825813359933818,0.7088607594936709,0.15262509456647005,0.6464646464646465,0.21864419822190495,0,0
138,69500,0.676,0.6628648296893855,0.6101289462411137,56,160.86702179908752,0.9305555555555556,0.13259026362539655,0.75,0.2042196251859314,0.6206896551724138,0.2011681018232651,0.55,0.1781388675481622,0.6853932584269663,0.14649674578459687,0.5194805194805194,0.13738639603264785,0,0
139,70000,0.69,0.6751941187072505,0.6276401514423537,56,161.88775300979614,0.9444444444444444,0.18659301001548612,0.7368421052631579,0.1271429420891378,0.7088607594936709,0.14858358101330457,0.5057471264367817,0.18578562397284792,0.65,0.16772563592634013,0.5842696629213483,0.18416920698288367,0,0
140,70500,0.69,0.6741259099981646,0.6276312059463692,56,162.96472311019897,0.9146341463414634,0.15795441258368464,0.8,0.1658584516193986,0.4864864864864865,0.15084315848471824,0.5252525252525253,0.23212060184052383,0.7529411764705882,0.15929862085923996,0.6666666666666666,0.13392475461243492,0,0
141,71000,0.684,0.658396053623872,0.6196547042454239,56,164.03440833091736,0.9230769230769231,0.16080219814404856,0.7875,0.18273387348309864,0.5581395348837209,0.18039217941104274,0.547945205479452,0.1366150251387446,0.723404255319149,0.17824664507157884,0.5064935064935064,0.16121007875148677,0,0
142,71500,0.684,0.6596282280018664,0.6197462407824564,56,165.07249474525452,0.8690476190476191,0.1419880635394781,0.8478260869565217,0.15671156889733998,0.6162790697674418,0.1755188973469079,0.46835443037974683,0.16424646097615858,0.6896551724137931,0.19781662777672174,0.5616438356164384,0.16371838146339374,0,0
143,72000,0.706,0.688185918235461,0.6463864058425626,56,166.4030888080597,0.926829268292683,0.1715357775560291,0.7792207792207793,0.1594582380391431,0.6138613861386139,0.18536112338253904,0.4657534246575342,0.12746914229172632,0.7857142857142857,0.18189067017917454,0.6547619047619048,0.17428504855138768,0,0
144,72500,0.674,0.6537734990714167,0.6082295822717878,56,167.74945783615112,0.9157894736842105,0.1680780808833834,0.7625,0.14754613646376097,0.5625,0.15782648569780244,0.5,0.18845240502544885,0.6626506024096386,0.188995986961757,0.6,0.14910090496784745,0,0
145,73000,0.69,0.6756387204999098,0.6277653432723989,56,168.86108922958374,0.948051948051948,0.16550720485913362,0.8125,0.15771248824692377,0.6046511627906976,0.1591293845354533,0.4891304347826087,0.18849029498394493,0.7555555555555555,0.16343359528117718,0.5526315789473685,0.1657270320933671,0,0
146,73500,0.692,0.6881953109393745,0.6294513955726659,56,169.95971608161926,0.8695652173913043,0.1361282973350201,0.7608695652173914,0.16910329953988015,0.5952380952380952,0.18895034648928674,0.5733333333333334,0.14983844055089673,0.7692307692307693,0.14701078593354625,0.6116504854368932,0.20896883015136974,0,0
147,74000,0.682,0.6723007271534412,0.617514469499786,56,170.9461052417755,0.9333333333333333,0.11815770711960356,0.7912087912087912,0.19135893947075155,0.6428571428571429,0.17620898197854268,0.5,0.16026350915156945,0.6790123456790124,0.15680301109665812,0.5729166666666666,0.19720785118287454,0,0
148,74500,0.69,0.686620380883396,0.6266661528308339,56,172.06535363197327,0.8125,0.09545046388895706,0.7727272727272727,0.18622302634407395,0.5578947368421052,0.21169611719228912,0.6578947368421053,0.14247095348810276,0.7912087912087912,0.18710808350181604,0.5747126436781609,0.1770513555847612,0,0
149,75000,0.666,0.6529257102496123,0.5989105738701047,56,173.4930341243744,0.8987341772151899,0.15023281070921035,0.8157894736842105,0.15776207848147988,0.6292134831460674,0.1841173653424148,0.47126436781609193,0.162083588601745,0.6703296703296703,0.1885362908833088,0.5316455696202531,0.15726786598184106,0,0
150,75500,0.676,0.6675470024846389,0.6106199795214952,56,174.8892753124237,0.9154929577464789,0.1385686664263356,0.8333333333333334,0.14400709445209786,0.5357142857142857,0.16328986412224714,0.5833333333333334,0.16126038080851832,0.6741573033707865,0.19338592543253816,0.550561797752809,0.1994880687582632,0,0
151,76000,0.688,0.6663827793264988,0.6253440350447426,56,176.05219531059265,0.9438202247191011,0.200138745938094,0.8314606741573034,0.18828879613974703,0.5268817204301075,0.1739989005789008,0.5365853658536586,0.18349640193623773,0.7611940298507462,0.10578227655245775,0.5185185185185185,0.1482948788545628,0,0
152,76500,0.674,0.6654067566519711,0.6082898366832964,56,177.11313676834106,0.8589743589743589,0.12825200055895342,0.7349397590361446,0.14276274005093686,0.6582278481012658,0.1736417086747666,0.4939759036144578,0.18444045980614093,0.6702127659574468,0.16214178547594293,0.6309523809523809,0.2087613054332591,0,0
153,77000,0.612,0.6033814165514917,0.5342181587691834,56,178.23846435546875,0.9154929577464789,0.1236256688508697,0.7733333333333333,0.1479465843603633,0.4943820224719101,0.16950142811448984,0.4069767441860465,0.17380558117189246,0.6708860759493671,0.17476892077449405,0.504950495049505,0.21035181672789063,0,0
154,77500,0.65,0.6375905130078175,0.5792419623193145,56,179.32995128631592,0.9058823529411765,0.15683829694263887,0.6296296296296297,0.17341469765064613,0.5851063829787234,0.18065632628265824,0.56,0.13594047290677555,0.6470588235294118,0.180175687991723,0.5555555555555556,0.17297451822555834,0,0
155,78000,0.652,0.6340923136474875,0.582102456949348,56,180.57216715812683,0.9204545454545454,0.1765756984451467,0.7682926829268293,0.18649203329369082,0.5625,0.14092798082730523,0.5106382978723404,0.18626386281719706,0.64,0.1461690674608229,0.5,0.16357135715583734,0,0
156,78500,0.672,0.6624003709322117,0.6061479346781941,56,181.93967843055725,0.9024390243902439,0.17861524909344814,0.8354430379746836,0.13568356230784276,0.5252525252525253,0.18400985357915783,0.5833333333333334,0.15600754495591085,0.6329113924050633,0.15216040353672838,0.5777777777777777,0.19352338652691237,0,0
157,79000,0.672,0.6534924051238087,0.6058336618052819,56,183.04439091682434,0.8961038961038961,0.14239304760280547,0.7701149425287356,0.1852916804430378,0.7209302325581395,0.17098298042982804,0.38636363636363635,0.16355587273929953,0.618421052631579,0.18153967627077727,0.6551724137931034,0.15623674251425193,0,0
158,79500,0.684,0.6389798474423071,0.6191761671768422,56,184.14753031730652,0.9117647058823529,0.21190919101151104,0.7840909090909091,0.20515166557115724,0.7654320987654321,0.14903378842088433,0.358974358974359,0.13348959015319894,0.5405405405405406,0.15499234589630806,0.6410256410256411,0.14542341894694052,0,0
159,80000,0.678,0.6653458767513081,0.6132559524953399,56,185.21570229530334,0.8974358974358975,0.18488398245682153,0.7901234567901234,0.17346153316193727,0.7380952380952381,0.19636952033859226,0.45348837209302323,0.15437269438700243,0.6235294117647059,0.1508621369849784,0.5862068965517241,0.14005013267066815,0,0
160,80500,0.67,0.6549605530448033,0.6026298677841196,56,186.3634057044983,0.8961038961038961,0.15384763131695475,0.7623762376237624,0.21186941622085692,0.5977011494252874,0.15851363365807872,0.47674418604651164,0.15489016815644,0.6119402985074627,0.1333458304762189,0.6626506024096386,0.187533320171451,0,0
161,81000,0.656,0.6467064411260639,0.5869574614213466,56,187.55722379684448,0.8641975308641975,0.1642353715216057,0.75,0.16196239498700157,0.5652173913043478,0.2132373726449157,0.45454545454545453,0.16262629477339352,0.6329113924050633,0.13560207011132236,0.6941176470588235,0.16233649596176108,0,0
162,81500,0.708,0.6816880613253569,0.6485738355999519,56,188.9568121433258,0.912621359223301,0.21675381784292236,0.7283950617283951,0.13460805544161963,0.7073170731707317,0.15077852301466582,0.4605263157894737,0.13011770463122546,0.6235294117647059,0.1849957049925865,0.7432432432432432,0.1827461940769802,0,0
163,82000,0.684,0.6606404505443855,0.619533808514737,56,189.92080211639404,0.9431818181818182,0.2059315121848972,0.7407407407407407,0.15156208208446714,0.6451612903225806,0.20005281968778585,0.43243243243243246,0.13184486691400224,0.6021505376344086,0.18313378513409298,0.7083333333333334,0.1274749339947545,0,0
164,82500,0.682,0.6686550568305021,0.6176285273167141,56,190.96075057983398,0.8539325842696629,0.1903958208732322,0.7032967032967034,0.1511351002851661,0.7142857142857143,0.1512565104614523,0.4805194805194805,0.1510568463177038,0.7176470588235294,0.191871676331115,0.6041666666666666,0.16428404573133065,0,0
165,83000,0.682,0.6775775420444083,0.6182399661938285,56,192.10118579864502,0.8170731707317073,0.1651157456761858,0.8382352941176471,0.16066980978735593,0.651685393258427,0.1587594378770647,0.44680851063829785,0.20255258831975537,0.686046511627907,0.1580926079285489,0.7073170731707317,0.15480981041108938,0,0
166,83500,0.674,0.6639973934039499,0.6080845190980655,56,193.251718044281,0.8554216867469879,0.1640143646049334,0.725,0.1751473338855989,0.6595744680851063,0.17415565418733528,0.5063291139240507,0.16198651715230825,0.6206896551724138,0.19161572415673755,0.6666666666666666,0.1330804060130866,0,0
167,84000,0.71,0.7103650410178166,0.6511538387512751,56,194.33630847930908,0.8695652173913043,0.10920402167501962,0.7974683544303798,0.1402889586986886,0.7469879518072289,0.19168595388379564,0.5591397849462365,0.18839577611815214,0.7209302325581395,0.17878507889701398,0.6153846153846154,0.19164021072733,0,0
168,84500,0.646,0.6389978843977059,0.5742654274663742,56,195.78104901313782,0.8857142857142857,0.10647952353842556,0.6987951807228916,0.1658272676631636,0.6829268292682927,0.13126162636946512,0.4567901234567901,0.1983674260436824,0.6170212765957447,0.20375003503799846,0.5714285714285714,0.19431412134726483,0,0
169,85000,0.658,0.62794080207958,0.5885565794855754,56,196.88942122459412,0.8620689655172413,0.19486258185380895,0.7821782178217822,0.21228229312330835,0.547945205479452,0.13976500139975684,0.41025641025641024,0.16536877488244692,0.6794871794871795,0.15161347238789102,0.5952380952380952,0.13610787635278807,0,0
170,85500,0.624,0.6094089244676337,0.5486129452044927,56,198.0695095062256,0.8607594936708861,0.1702987345045003,0.7441860465116279,0.18232999076998638,0.6338028169014085,0.13897227826895248,0.41975308641975306,0.17579241090852354,0.5217391304347826,0.16106971659752103,0.5760869565217391,0.17153686895051612,0,0
171,86000,0.704,0.6891130466186732,0.6444632355767382,56,199.16073727607727,0.8791208791208791,0.17290835473141986,0.7848101265822784,0.14676511059062083,0.6867469879518072,0.17516672909009795,0.47058823529411764,0.19999604568041912,0.6790123456790124,0.18251642410327243,0.7073170731707317,0.12264733580417005,0,0
172,86500,0.668,0.6441988704605234,0.5993473706567807,56,200.24125409126282,0.8125,0.19921489030625672,0.7870370370370371,0.18227118763241318,0.7011494252873564,0.17205028758023613,0.5,0.1652552654024742,0.647887323943662,0.14592350860644113,0.49206349206349204,0.1352848604721786,0,0
173,87000,0.686,0.6693581886257355,0.62220564525832,56,201.42659211158752,0.8795180722891566,0.1961799766581103,0.7352941176470589,0.1929267265315034,0.6571428571428571,0.1527422033759198,0.5,0.1291063776377402,0.6966292134831461,0.18961292798070245,0.6075949367088608,0.1394317878160239,0,0
174,87500,0.694,0.6768945422067946,0.6321213374433153,56,202.75230240821838,0.9302325581395349,0.12368762492750648,0.7582417582417582,0.20200687570116735,0.654320987654321,0.1503342286442141,0.5119047619047619,0.18426172158984966,0.6,0.14431269850878867,0.6785714285714286,0.19539685062847378,0,0
175,88000,0.656,0.6267499495243124,0.5856040784268375,56,203.8874273300171,0.9166666666666666,0.18479780549836988,0.7142857142857143,0.17505349161920042,0.5454545454545454,0.18819878898550452,0.43820224719101125,0.16780549855202145,0.5333333333333333,0.11549241074282383,0.7261904761904762,0.1686520046020799,0,0
176,88500,0.67,0.6617434788250905,0.6039898621404708,56,205.02469635009766,0.8734177215189873,0.19338101590338902,0.7951807228915663,0.16314084976944518,0.6162790697674418,0.16460405914704,0.4835164835164835,0.1845949711139455,0.5930232558139535,0.13039038659204116,0.6842105263157895,0.16388871747413902,0,0
177,89000,0.684,0.6571587422134006,0.6197315978974529,56,206.08109426498413,0.9393939393939394,0.20907706551684263,0.7066666666666667,0.14163292042680112,0.6493506493506493,0.16150972982888193,0.44871794871794873,0.15225343183503973,0.6477272727272727,0.1379218504770861,0.6428571428571429,0.19760500191534866,0,0
178,89500,0.68,0.6676821256730239,0.6153920116920829,56,207.16302394866943,0.8095238095238095,0.15146674322495643,0.7752808988764045,0.16040335907879547,0.6941176470588235,0.1613186196918883,0.5342465753424658,0.14456237816019574,0.6547619047619048,0.19232011200680457,0.5813953488372093,0.18992878783735992,0,0
179,90000,0.69,0.6773603361616864,0.6280761700003838,56,208.51419019699097,0.8902439024390244,0.15699804309060847,0.7857142857142857,0.1567460552292038,0.6385542168674698,0.16409358938872265,0.449438202247191,0.18619632097443783,0.6823529411764706,0.17803581043544595,0.7051282051282052,0.15793018088158142,0,0
180,90500,0.634,0.6182120086801514,0.5600496206329516,56,209.90064144134521,0.8666666666666667,0.17282738734753675,0.7529411764705882,0.17547836337013467,0.5769230769230769,0.15045042814915602,0.42105263157894735,0.11776371667876155,0.6195652173913043,0.1971585293425022,0.5684210526315789,0.1863215751119089,0,0
181,91000,0.694,0.6726461910205351,0.6322133066667948,56,210.92112612724304,0.975609756097561,0.16700194477054675,0.8241758241758241,0.1456664831713693,0.611764705882353,0.19941134441925243,0.5128205128205128,0.1528534537929077,0.6219512195121951,0.13374492031224341,0.5903614457831325,0.2013218535336804,0,0
182,91500,0.678,0.6679086336249559,0.613378543229562,56,211.91834163665771,0.8617021276595744,0.20405998657473653,0.7777777777777778,0.14205225287632983,0.5888888888888889,0.16248064004077845,0.46236559139784944,0.18131294672014503,0.7297297297297297,0.14531317889647416,0.6666666666666666,0.1647809948915362,0,0
183,92000,0.698,0.6890680856178355,0.6372076037442097,56,213.04204869270325,0.865979381443299,0.21696816774424912,0.835820895522388,0.11436382089685378,0.6582278481012658,0.17889506868028165,0.5656565656565656,0.20209752368266146,0.5714285714285714,0.15261683725314767,0.6951219512195121,0.1350585817428063,0,0
184,92500,0.696,0.6748565720074515,0.6348997415474485,56,214.0968255996704,0.9101123595505618,0.15482522573518048,0.8620689655172413,0.15644992707571018,0.6463414634146342,0.17322571195088618,0.43956043956043955,0.1554051611319396,0.6438356164383562,0.1599439640519162,0.6582278481012658,0.20015001005436725,0,0
185,93000,0.696,0.6622383011610427,0.6334735136386433,56,215.43160700798035,0.9166666666666666,0.1657476850668244,0.7272727272727273,0.17732881773611572,0.6794871794871795,0.10725656949164285,0.4,0.16706391505403725,0.6206896551724138,0.18176434759297688,0.75,0.20083866505840275,0,0
186,93500,0.644,0.6224111037661852,0.5724627586240026,56,216.8802309036255,0.8850574712643678,0.17469913492695244,0.7380952380952381,0.16154370165119677,0.654320987654321,0.1520462431826824,0.375,0.2066697568825099,0.5974025974025974,0.12081555233412793,0.6071428571428571,0.18422561102253043,0,0
187,94000,0.7,0.6929193939295178,0.6392513744522633,56,217.93841218948364,0.9154929577464789,0.1338962977342534,0.8111111111111111,0.1760066506008497,0.7023809523809523,0.15933840130260793,0.5476190476190477,0.2115702809919971,0.6707317073170732,0.15198847032161936,0.5777777777777777,0.16719989904867247,0,0
188,94500,0.674,0.6671070232076901,0.6076109040837354,56,218.9747610092163,0.8428571428571429,0.1426610281804275,0.7733333333333333,0.1313912590443175,0.7222222222222222,0.13797372906612415,0.42696629213483145,0.1835424113835991,0.7047619047619048,0.22765900588636645,0.6222222222222222,0.17677256643916514,0,0
189,95000,0.696,0.6863868085648617,0.6348769391157295,56,220.03963017463684,0.9080459770114943,0.17675277129495065,0.7837837837837838,0.15689857683957534,0.5652173913043478,0.10841533086087038,0.5,0.23223426387290724,0.7070707070707071,0.18766657568366094,0.7352941176470589,0.13803248144803545,0,0
190,95500,0.68,0.6501092456079199,0.6138586143316376,56,221.16755437850952,0.8842105263157894,0.20481504626230956,0.8041237113402062,0.17796487471825706,0.6710526315789473,0.1524382267011922,0.5555555555555556,0.16386934045077364,0.703125,0.1149474807255467,0.4050632911392405,0.18596503114192098,0,0
191,96000,0.686,0.6765723421661047,0.6229279047760865,56,222.47684860229492,0.9512195121951219,0.15211489422619137,0.8026315789473685,0.14980154128160256,0.5714285714285714,0.1914250865588125,0.5319148936170213,0.19175428927275084,0.6593406593406593,0.18384592223433038,0.6268656716417911,0.13105826642631235,0,0
192,96500,0.676,0.6537452128467457,0.6103633722328583,56,223.77645111083984,0.8888888888888888,0.20009502522940859,0.8333333333333334,0.19381211737792195,0.5571428571428572,0.10475545011074372,0.5512820512820513,0.14520671723953768,0.6582278481012658,0.12487691310656705,0.5212765957446809,0.2312537769358211,0,0
193,97000,0.696,0.6714226014902157,0.63464875804614,56,224.79130339622498,0.9130434782608695,0.16535969887398932,0.8181818181818182,0.181797637214806,0.5862068965517241,0.16314141037866983,0.4473684210526316,0.13921355136613187,0.75,0.19108206763877006,0.6235294117647059,0.15940563452763312,0,0
194,97500,0.646,0.6290551680255991,0.5746194406125481,56,225.85820245742798,0.9032258064516129,0.15883125291340863,0.7702702702702703,0.1546346828298042,0.5204081632653061,0.18899040572663112,0.4883720930232558,0.24546169834279208,0.5694444444444444,0.10374259871813366,0.6153846153846154,0.14833936146923038,0,0
195,98000,0.696,0.6810130033181846,0.6343939116965084,56,226.91739439964294,0.8717948717948718,0.15296734775924267,0.8352941176470589,0.15374794762208596,0.6385542168674698,0.16379425053875557,0.5625,0.13968310571818254,0.7415730337078652,0.21952412150631329,0.5142857142857142,0.17028322685541986,0,0
196,98500,0.704,0.6906055898157203,0.6443624235259062,56,228.0161817073822,0.896551724137931,0.19571374948673195,0.7647058823529411,0.17002233436574565,0.5795454545454546,0.14058494377985328,0.581081081081081,0.1522072131927929,0.75,0.15873574276831867,0.6265060240963856,0.1827360164065573,0,0
197,99000,0.726,0.7069592251618242,0.670573298643339,56,229.384583234787,0.8850574712643678,0.18256071311833563,0.7906976744186046,0.17224387704857383,0.7045454545454546,0.16144421161623246,0.5072463768115942,0.1577247911518926,0.735632183908046,0.15685101011253683,0.6785714285714286,0.16917539695242836,0,0
198,99500,0.682,0.6650118163190437,0.6182546313636234,56,230.68433952331543,0.8953488372093024,0.1784986139767121,0.825,0.15302079206411148,0.6352941176470588,0.1733373276685291,0.4318181818181818,0.1566951635381273,0.6829268292682927,0.1586318500838716,0.625,0.17981625266864845,0,0
199,100000,0.684,0.6807399846012879,0.6204878892401111,56,231.78298807144165,0.8372093023255814,0.14529692419772686,0.8169014084507042,0.18406180245255516,0.6086956521739131,0.20092895852321224,0.5638297872340425,0.1694278515309575,0.6835443037974683,0.14569191661868283,0.620253164556962,0.1545925466768654,0,0
200,100500,0.712,0.7038551113036806,0.6540224693185204,56,233.02985048294067,0.8701298701298701,0.1335333760236546,0.8352941176470589,0.1998969484129947,0.6704545454545454,0.1607772222549561,0.5113636363636364,0.18714903102402725,0.675,0.16273153953920638,0.7228915662650602,0.15591188274516116,0,0
201,101000,0.73,0.704633874638735,0.6749682191147579,56,234.14890217781067,0.9534883720930233,0.17966286033781445,0.8191489361702128,0.20133270743726406,0.5875,0.17260880777611112,0.49333333333333335,0.1468714553457275,0.775,0.1629412932081922,0.6976744186046512,0.13658287589489054,0,0
202,101500,0.684,0.6729599259187871,0.6204058294132628,56,235.3291072845459,0.9594594594594594,0.14744468247079637,0.735632183908046,0.19373514777495843,0.4878048780487805,0.19110929377771355,0.5681818181818182,0.18486856880005828,0.6808510638297872,0.15874194416734955,0.6973684210526315,0.12410036300912378,0,0
203,102000,0.688,0.6756220977300228,0.6254627695587662,56,236.77142477035522,0.9080459770114943,0.24054694171989308,0.76,0.16200584812805174,0.6292134831460674,0.14737370132436933,0.4606741573033708,0.1390346191357723,0.6962025316455697,0.17273923955040174,0.6829268292682927,0.13829965014151155,0,0
204,102500,0.678,0.6588876694983122,0.6125411524614467,56,238.01073026657104,0.9210526315789473,0.1940670512685176,0.8289473684210527,0.11162483288817643,0.6352941176470588,0.15329861689955465,0.3924050632911392,0.16662738061949867,0.6976744186046512,0.1435246608941423,0.6161616161616161,0.23085745743011027,0,0
205,103000,0.698,0.6868206342744158,0.6373644319349849,56,239.15556168556213,0.896551724137931,0.18264259612617006,0.863013698630137,0.13278308583802073,0.5540540540540541,0.1340286344587592,0.5384615384615384,0.18312170561965493,0.64,0.24799328315252914,0.7105263157894737,0.11943069480486601,0,0
206,103500,0.668,0.6592724750009603,0.6012107817229617,56,240.18497014045715,0.8846153846153846,0.18731852886188893,0.7397260273972602,0.11453619105781894,0.574468085106383,0.17305689871631894,0.47619047619047616,0.18471259586759248,0.735632183908046,0.18158921028842787,0.6235294117647059,0.15878657520795286,0,0
207,104000,0.666,0.6462469986150486,0.5983800527156243,56,241.25309038162231,0.8210526315789474,0.18603248022155364,0.7681159420289855,0.12529028714304175,0.6741573033707865,0.21479677801782465,0.3950617283950617,0.1340782683993882,0.654320987654321,0.17902527307222432,0.6627906976744186,0.16077691314596765,0,0
208,104500,0.64,0.6181220140503509,0.5654084436310608,56,242.3317515850067,0.8941176470588236,0.1554549221568604,0.7402597402597403,0.13194162141942728,0.5753424657534246,0.1550476933825257,0.39473684210526316,0.1266348500795072,0.6419753086419753,0.21278501697061308,0.5779816513761468,0.21813589599106617,0,0
209,105000,0.69,0.6733344409883184,0.6264772223400358,56,243.64533400535583,0.8860759493670886,0.16796923238468628,0.8061224489795918,0.2010836073113301,0.5632183908045977,0.1797674914474648,0.5714285714285714,0.1225720730101806,0.686046511627907,0.15513728723474082,0.5909090909090909,0.17347030861159746,0,0
210,105500,0.71,0.6919019377382764,0.6513232882378119,56,245.08600687980652,0.8875,0.16322907836061645,0.8351648351648352,0.14334927762072042,0.6666666666666666,0.16336665798327912,0.4691358024691358,0.16880724389174379,0.7590361445783133,0.18895072406519312,0.6235294117647059,0.1722970180784471,0,0
211,106000,0.702,0.6889084131422614,0.6413527500300878,56,246.19011759757996,0.8450704225352113,0.14793160993586243,0.8681318681318682,0.19369288448908428,0.5925925925925926,0.16369469873093537,0.5714285714285714,0.1167475174310503,0.7340425531914894,0.20510995789551104,0.5862068965517241,0.17282333151755638,0,0
212,106500,0.704,0.6755494584338897,0.6428399054008397,56,247.263601064682,0.8987341772151899,0.13584681610158908,0.8484848484848485,0.18776003629845484,0.6172839506172839,0.19254284562288376,0.43661971830985913,0.11900932168669029,0.6973684210526315,0.16079513805878298,0.6631578947368421,0.20404584223159916,0,0
213,107000,0.676,0.6411949250809433,0.6096893416278364,56,248.47465991973877,0.9101123595505618,0.20161288194858545,0.8315789473684211,0.1555297762485514,0.5714285714285714,0.17039300107028413,0.4166666666666667,0.18892580772853498,0.6296296296296297,0.13609689480178683,0.6125,0.14744163820225697,0,0
214,107500,0.66,0.641892840998433,0.5909882685811624,56,249.51912546157837,0.8235294117647058,0.20272501671954357,0.8125,0.1390467454418699,0.5888888888888889,0.2011428648029044,0.4358974358974359,0.138186033199285,0.5875,0.14834647552959623,0.6931818181818182,0.1705528643068008,0,0
215,108000,0.722,0.7045858188070431,0.6656548114437458,56,250.70026469230652,0.83,0.1720629989923384,0.8513513513513513,0.1329995046444319,0.6891891891891891,0.173792285753298,0.5,0.16615060294859868,0.73,0.17623264195827462,0.6883116883116883,0.1787619657030583,0,0
216,108500,0.662,0.6474569578571522,0.5930044938083702,56,252.06453347206116,0.8222222222222222,0.18926805128308943,0.7848101265822784,0.16370187541133208,0.5728155339805825,0.1803954769865266,0.4583333333333333,0.16666993829041457,0.6865671641791045,0.10868132317953859,0.6333333333333333,0.1912833348490985,0,0
217,109000,0.692,0.6732607882614715,0.6287886457534867,56,253.1559498310089,0.9078947368421053,0.12581028224649524,0.8387096774193549,0.1963317869932471,0.6767676767676768,0.19742969137277416,0.6,0.15916531024068128,0.6024096385542169,0.1663167253462187,0.5,0.15494620380058338,0,0
218,109500,0.722,0.7190761796959658,0.6657127053221423,56,254.26578950881958,0.8857142857142857,0.13987140789718946,0.8636363636363636,0.14445624649637726,0.6707317073170732,0.1471181999213629,0.5612244897959183,0.1801368097057085,0.6835443037974683,0.18612977420063606,0.7023809523809523,0.20228756177872578,0,0
219,110000,0.71,0.6849887325394534,0.6511655880867033,56,255.48264169692993,0.898876404494382,0.19224490914700598,0.8387096774193549,0.1952207774509477,0.6133333333333333,0.13411000749608162,0.4691358024691358,0.16952072579490096,0.775,0.15705625739154838,0.6144578313253012,0.1518473227195154,0,0
220,110500,0.688,0.6688800109630632,0.6251189526400276,56,256.71187257766724,0.8875,0.12543469445613514,0.7857142857142857,0.17444969044971642,0.5853658536585366,0.1554579420003063,0.42168674698795183,0.17182384208569612,0.7142857142857143,0.20078165391176692,0.7283950617283951,0.1720521770963794,0,0
221,111000,0.704,0.6752952935014344,0.6439209119474157,56,257.95341992378235,0.9368421052631579,0.2447707114698128,0.8701298701298701,0.13907211395973038,0.6071428571428571,0.14682305324466455,0.4533333333333333,0.15006677207944505,0.6931818181818182,0.1583273454770732,0.6097560975609756,0.16094000376927406,0,0
222,111500,0.67,0.6513905093241978,0.6028995552475019,56,259.41445326805115,0.8235294117647058,0.1729180654099764,0.7922077922077922,0.16347220917825847,0.651685393258427,0.16027699404813528,0.4189189189189189,0.13504568623494306,0.675,0.18372315271848655,0.6354166666666666,0.18456389241020016,0,0
223,112000,0.65,0.6413932007695042,0.5804443932986181,56,260.5100271701813,0.8607594936708861,0.13024313922775346,0.8133333333333334,0.14845867779227545,0.5555555555555556,0.21824057452524015,0.40625,0.19487568587713697,0.6785714285714286,0.1712947479876861,0.6493506493506493,0.13688717458990804,0,0
224,112500,0.67,0.6466982536387693,0.6043260353468742,56,261.50855779647827,0.898876404494382,0.16826774741242545,0.8205128205128205,0.16085998849913435,0.7215189873417721,0.14644317999827883,0.3707865168539326,0.17187543051162946,0.5977011494252874,0.1799835734735694,0.620253164556962,0.1725700801049625,0,0
225,113000,0.68,0.6630734958012049,0.6160233457805766,56,262.6412582397461,0.9324324324324325,0.14645345275107152,0.8863636363636364,0.18845023549920864,0.6153846153846154,0.15537645941750752,0.3958333333333333,0.18693611325419943,0.5974025974025974,0.1286669478893538,0.7066666666666667,0.1941167911886592,0,0
226,113500,0.658,0.6231886338778384,0.5890213420496059,56,263.8151228427887,0.8775510204081632,0.17687064894053003,0.8051948051948052,0.14468340612414538,0.573170731707317,0.1822080802310083,0.3373493975903614,0.17651230179905741,0.7023809523809523,0.18103107800818796,0.6103896103896104,0.1386944848970707,0,0
227,114000,0.664,0.6584057131565935,0.5973038534186027,56,265.0297725200653,0.8333333333333334,0.16741211390699476,0.8309859154929577,0.14795961490030682,0.5882352941176471,0.17328290352712972,0.4787234042553192,0.21647198920516839,0.651685393258427,0.14970027125926785,0.6410256410256411,0.1451731072011325,0,0
228,114500,0.706,0.6789838981897032,0.6462196037659562,56,266.4288363456726,0.9305555555555556,0.1719088170236972,0.8469387755102041,0.2041839218518528,0.6309523809523809,0.172747100436555,0.38271604938271603,0.14789142963935567,0.7045454545454546,0.16274624070118668,0.7307692307692307,0.14052249034735276,0,0
229,115000,0.672,0.657973352372109,0.6058336618052819,56,267.55260729789734,0.8387096774193549,0.19556528881400395,0.8,0.14684635155034018,0.6105263157894737,0.1821951780308676,0.48717948717948717,0.16385801334313577,0.64,0.1327942606502531,0.6352941176470588,0.1787409076113993,0,0
230,115500,0.666,0.6490008671498828,0.598078478185529,56,268.61922454833984,0.8805970149253731,0.17107859714725407,0.8279569892473119,0.2108395450845316,0.55,0.17657610670857057,0.41304347826086957,0.15390304234927188,0.7391304347826086,0.13101310117374462,0.6103896103896104,0.15658960753662704,0,0
231,116000,0.67,0.6433221443990705,0.602595413228515,56,269.7072854042053,0.7236842105263158,0.125318121503245,0.8297872340425532,0.2041849333662683,0.5116279069767442,0.19295882318263943,0.40789473684210525,0.1856078732387393,0.7159090909090909,0.17745576935037127,0.7901234567901234,0.11447447935873674,0,0
232,116500,0.67,0.6372566305717169,0.6029874592159845,56,270.87688994407654,0.9418604651162791,0.16759506276787559,0.8205128205128205,0.19289826732509827,0.5384615384615384,0.13586294730432708,0.3717948717948718,0.17742808055659007,0.6781609195402298,0.15333589591503569,0.6382978723404256,0.17287974613107332,0,0
233,117000,0.69,0.6546043052779816,0.6270936885005316,56,271.98851013183594,0.8791208791208791,0.18832678341255882,0.8901098901098901,0.18482564558189585,0.620253164556962,0.14179888754132564,0.3258426966292135,0.2083519856349602,0.746268656716418,0.1101077406254895,0.6666666666666666,0.16658895720377015,0,0
234,117500,0.69,0.668637240645104,0.6275918406573604,56,273.3624382019043,0.9340659340659341,0.13103440937562064,0.8026315789473685,0.1629201481762208,0.6567164179104478,0.10667460228196027,0.4186046511627907,0.19027420405379963,0.6354166666666666,0.2255608881547861,0.6823529411764706,0.18353574795761263,0,0
235,118000,0.666,0.6552577485054738,0.5997756826580646,56,274.54765582084656,0.8795180722891566,0.13825174415170005,0.8108108108108109,0.15917568004745544,0.6857142857142857,0.1404212584815735,0.36633663366336633,0.20912797609839662,0.6666666666666666,0.18942863037537158,0.6627906976744186,0.16359471084550278,0,0
236,118500,0.696,0.6799644069005797,0.6344994084661478,56,275.53519082069397,0.8481012658227848,0.16157237218504827,0.8795180722891566,0.17062615875690118,0.6351351351351351,0.15673890001591126,0.4523809523809524,0.17017405327794508,0.6629213483146067,0.1713329519245992,0.6956521739130435,0.16955556383959502,0,0
237,119000,0.708,0.6906369442122763,0.6486448762315478,56,276.67127680778503,0.8611111111111112,0.189376068836954,0.8705882352941177,0.15761584128879205,0.6436781609195402,0.132742866511833,0.45569620253164556,0.1703557312691139,0.7448979591836735,0.164693486944487,0.6625,0.18521600514882017,0,0
238,119500,0.694,0.6683505302412165,0.631738818579619,56,277.7465488910675,0.8913043478260869,0.2180394602247462,0.7831325301204819,0.16709037035441068,0.6216216216216216,0.13805130957112072,0.42857142857142855,0.15797706989888297,0.7228915662650602,0.13296908153008005,0.6630434782608695,0.18587270842075915,0,0
239,120000,0.72,0.7048333393942238,0.6638526329943046,56,278.9847605228424,0.898876404494382,0.18389052251834334,0.8333333333333334,0.18915550805656622,0.6,0.16383433107123205,0.4891304347826087,0.17107323968916227,0.7402597402597403,0.1322716842174912,0.7534246575342466,0.15977471444720479,0,0
240,120500,0.724,0.7139331933106929,0.6690123616687533,56,280.22392439842224,0.9012345679012346,0.16052895903170847,0.8526315789473684,0.2348135271351773,0.6941176470588235,0.1414412108581722,0.44554455445544555,0.2098203507067821,0.7164179104477612,0.11076342908213843,0.7777777777777778,0.14263252318602146,0,0
241,121000,0.694,0.674473190122836,0.632163790492035,56,281.336101770401,0.9240506329113924,0.18130065123505024,0.8170731707317073,0.15264628721472048,0.6266666666666667,0.17068740291460274,0.43209876543209874,0.17514321500226482,0.6907216494845361,0.16056086660163313,0.6666666666666666,0.1596615770317287,0,0
242,121500,0.696,0.658017769384358,0.6339043141486348,56,282.3880777359009,0.9325842696629213,0.18172221817039744,0.8202247191011236,0.17127582876938374,0.6153846153846154,0.13274288418413652,0.35443037974683544,0.192564433072102,0.6842105263157895,0.1634952362511423,0.7111111111111111,0.15819939955283785,0,0
243,122000,0.726,0.702098391951194,0.6704401668486863,56,283.50125193595886,0.8888888888888888,0.18342091092923699,0.7469879518072289,0.13825593075147732,0.5955056179775281,0.17873777502679544,0.4657534246575342,0.15424145020466856,0.8333333333333334,0.18154930308695258,0.7804878048780488,0.1637946300008692,0,0
244,122500,0.716,0.6959896419733123,0.6580142670667739,56,284.59440898895264,0.8780487804878049,0.16195660847720025,0.8194444444444444,0.12818106976284624,0.6951219512195121,0.15257431757346562,0.43373493975903615,0.2018958450639751,0.6352941176470588,0.16748159673306065,0.8247422680412371,0.1879105623894519,0,0
245,123000,0.698,0.6800140189219596,0.6368184332683935,56,285.8947639465332,0.8658536585365854,0.14744467304501044,0.776595744680851,0.19422932975304558,0.6666666666666666,0.12938469120329246,0.45569620253164556,0.1399987450376686,0.6914893617021277,0.1848485449497497,0.7,0.20409401601123314,0,0
246,123500,0.686,0.6648372025039178,0.6225925249281242,56,287.16210556030273,0.8850574712643678,0.18943668203929412,0.7634408602150538,0.21120599698455012,0.6263736263736264,0.17007574345626383,0.4342105263157895,0.14360206105352036,0.7681159420289855,0.11240286359108781,0.611764705882353,0.17327665287528363,0,0
247,124000,0.688,0.6772518526611496,0.6252252252252252,56,288.13053822517395,0.9384615384615385,0.12841314661187403,0.7816091954022989,0.1345714467013898,0.5903614457831325,0.17624398012344578,0.3958333333333333,0.16931500829823218,0.7802197802197802,0.22508773548945485,0.7215189873417721,0.16636868277560332,0,0
248,124500,0.684,0.6569244567631511,0.6200699263705137,56,289.1680226325989,0.9230769230769231,0.14075612045370745,0.7978723404255319,0.1734521700926209,0.6263736263736264,0.16371358603791492,0.4044943820224719,0.1939403062937946,0.7727272727272727,0.19395800315099876,0.5573770491803278,0.13417981397096332,0,0
249,125000,0.662,0.6409415172515049,0.5933257292463773,56,290.2970230579376,0.9459459459459459,0.16951969975581058,0.7916666666666666,0.10506957709201785,0.6,0.17926482470191754,0.32954545454545453,0.1635344152652328,0.7407407407407407,0.17625112808622023,0.6320754716981132,0.20636035509880102,0,0
